pkSeqID,proto,saddr,daddr,pkts,bytes,state,dur,mean,sum,min,spkts,sbytes,rate,srate
1,0,23,68,8,656,3,0,836.83,6694.64,0,4,328,12545.36,0
2,0,22,76,5,335,2,0.23,0,0,0.14,2,167,28330.26,0
3,4,13,64,2,228,5,0.11,0,0,0.27,1,114,8825.23,0
4,4,13,87,11,1551,4,0,0,0,0,5,775,26941.38,13470.69
5,0,16,62,5,410,2,0,0,0,0,2,205,24505.45,12252.73
6,3,21,75,8,688,2,0,625.58,5004.64,0,4,344,7571.91,3785.95
7,0,16,58,6,828,4,0,1439.31,8635.86,0,3,414,14119.49,7059.74
8,3,24,89,9,1512,4,0,115.96,1043.64,0,4,756,15981.55,0
9,4,23,71,8,952,2,0,0,0,0,4,476,22919.88,11459.94
10,0,21,77,10,1670,2,0.13,631.9,6319,0.06,5,835,18847.72,9423.86
11,4,18,51,12,1932,5,0.06,1647.03,19764.36,0,6,966,23533.29,0
12,0,13,90,8,1520,0,0.07,660.02,5280.16,0.12,4,760,7110.98,3555.49
13,3,23,71,3,180,3,0,0,0,0,1,90,16368.15,0
14,4,23,86,5,950,5,0.21,0,0,0.18,2,475,4515.03,0
15,4,16,66,11,1144,4,0,975.24,10727.64,0,5,572,0,0
16,0,15,88,9,1197,4,0.17,0,0,0.15,4,598,18886.6,9443.3
17,3,21,48,5,985,2,0,1616.5,8082.5,0,2,492,9151.36,0
18,0,16,68,3,402,5,0,0,0,0,1,201,12699.92,6349.96
19,4,18,64,2,294,3,0,473.2,946.4,0,1,147,0,0
20,4,24,52,11,1837,0,0,1690.72,18597.92,0,5,918,11388.48,5694.24
21,4,16,68,3,285,2,0.12,0,0,0.22,1,142,1597.74,798.87
22,4,18,57,4,728,1,0,0,0,0,2,364,20678.85,10339.42
23,4,14,75,8,1168,2,0,0,0,0,4,584,2823.49,1411.74
24,0,17,87,7,1099,3,0,713.86,4997.02,0,3,549,1146.06,573.03
25,4,19,73,9,918,1,0.25,0,0,0.19,4,459,0,0
26,3,20,63,6,978,0,0.03,349.36,2096.16,0.21,3,489,15019.57,0
27,3,23,55,5,425,1,0,0,0,0,2,212,0,0
28,4,19,48,2,390,2,0.27,1264.62,2529.24,0.07,1,195,24281.68,12140.84
29,0,20,64,4,300,4,0,0,0,0,2,150,0,0
30,0,25,70,10,700,1,0.24,0,0,0.01,5,350,14233.76,0
31,3,17,75,6,636,5,0,749.1,4494.6,0,3,318,5969.49,0
32,4,14,87,10,770,2,0.17,206.58,2065.8,0.17,5,385,0,0
33,0,22,88,12,1392,0,0,0,0,0,6,696,13583.58,0
34,0,15,71,10,1240,2,0,1911.85,19118.5,0,5,620,0,0
35,0,18,60,8,1368,2,0.11,1017.43,8139.44,0.15,4,684,14237.02,0
36,3,14,81,12,1524,3,0,0,0,0,6,762,29036.66,14518.33
37,0,21,79,5,890,0,0.27,0,0,0.3,2,445,24235.74,0
38,3,17,60,4,332,5,0.28,0,0,0.01,2,166,0,0
39,0,16,45,11,803,3,0,1235.06,13585.66,0,5,401,20538.38,10269.19
40,0,22,67,5,500,5,0,480.51,2402.55,0,2,250,18304.45,9152.23
41,4,20,49,11,1331,0,0.26,336.3,3699.3,0.11,5,665,10.75,0
42,0,24,82,8,1416,1,0.19,0,0,0.2,4,708,24816.65,0
43,0,16,72,10,610,1,0.08,849.85,8498.5,0.27,5,305,26318.78,0
44,3,21,68,5,300,1,0,177.79,888.95,0,2,150,13237.67,0
45,0,23,71,7,1372,0,0,1390.47,9733.29,0,3,686,18485.94,9242.97
46,4,14,48,7,826,4,0.1,0,0,0.15,3,413,0,0
47,4,23,50,6,834,1,0,380.43,2282.58,0,3,417,28297.1,14148.55
48,0,14,84,8,1048,4,0,0,0,0,4,524,10552.52,5276.26
49,4,23,47,4,352,3,0.18,1955.03,7820.12,0.24,2,176,0,0
50,4,22,76,12,1020,4,0.05,0,0,0.08,6,510,21536.66,0
51,0,17,86,6,1194,3,0.27,0,0,0.02,3,597,1710.03,855.01
52,3,17,61,3,261,0,0,1036.88,3110.64,0,1,130,28844.55,0
53,3,14,55,3,402,2,0,0,0,0,1,201,0,0
54,4,16,63,5,465,4,0.23,0,0,0.12,2,232,9548.03,4774.02
55,0,22,63,4,296,0,0.25,0,0,0.18,2,148,22733.85,11366.92
56,0,17,54,10,920,3,0.03,0,0,0.06,5,460,17957.17,0
57,4,21,48,9,1179,4,0,833.17,7498.53,0,4,589,9038.44,0
58,0,23,64,6,552,5,0.08,251.72,1510.32,0.14,3,276,26631.5,13315.75
59,0,14,45,11,2101,0,0.08,0,0,0.07,5,1050,0,0
60,0,21,77,8,512,4,0.07,0,0,0.19,4,256,0,0
61,3,17,58,12,1500,2,0.23,0,0,0.24,6,750,6430.27,0
62,4,24,86,11,1012,0,0,0,0,0,5,506,11990.63,5995.31
63,0,21,52,12,1956,0,0,0,0,0,6,978,0,0
64,0,15,65,12,2364,5,0,1137.66,13651.92,0,6,1182,0,0
65,0,13,90,8,760,4,0.29,0,0,0.2,4,380,29715.2,0
66,4,14,71,3,543,0,0.25,0,0,0.29,1,271,13538.66,6769.33
67,4,21,65,12,1104,2,0.2,0,0,0.13,6,552,25781.79,12890.9
68,3,25,52,6,696,5,0,72.32,433.92,0,3,348,8203.86,4101.93
69,4,19,57,12,900,4,0.03,0,0,0.13,6,450,0,0
70,3,15,73,2,326,1,0,1681.1,3362.2,0,1,163,0,0
71,4,19,59,5,690,0,0,1051.54,5257.7,0,2,345,0,0
72,3,16,72,7,616,2,0,117.21,820.47,0,3,308,14560.28,7280.14
73,3,14,64,10,1180,1,0,0,0,0,5,590,23231.88,0
74,0,22,81,3,264,5,0.29,0,0,0.03,1,132,0,0
75,0,14,49,6,846,4,0.15,422.92,2537.52,0.3,3,423,0,0
76,4,24,77,9,1143,3,0,887.33,7985.97,0,4,571,13627.86,6813.93
77,3,16,66,4,696,2,0,1518.34,6073.36,0,2,348,12660.54,6330.27
78,3,15,47,12,2400,5,0.12,1394.59,16735.08,0.01,6,1200,26423.34,0
79,3,20,75,4,332,3,0.2,1894.63,7578.52,0.19,2,166,8908.43,0
80,4,16,72,11,880,2,0,0,0,0,5,440,3669.12,0
81,0,25,75,9,1530,5,0.12,1893.55,17041.95,0.25,4,765,9400.12,4700.06
82,0,13,64,11,770,3,0,0,0,0,5,385,0,0
83,4,21,76,3,219,0,0,0,0,0,1,109,14274.09,7137.05
84,0,25,80,4,724,1,0,512.65,2050.6,0,2,362,0,0
85,3,13,62,11,1133,0,0,0,0,0,5,566,19619.57,9809.78
86,0,16,85,7,658,0,0.23,0,0,0.19,3,329,22958.56,11479.28
87,4,15,45,12,1752,1,0,1009.03,12108.36,0,6,876,17982.22,8991.11
88,4,14,70,11,1210,4,0,1543.26,16975.86,0,5,605,20514.3,10257.15
89,3,14,47,3,528,0,0.15,941.2,2823.6,0.17,1,264,10458.98,5229.49
90,3,15,67,5,1000,4,0,0,0,0,2,500,24036.41,0
91,3,14,72,3,591,4,0.22,0,0,0.16,1,295,9297.59,0
92,4,22,53,10,1610,3,0,424.14,4241.4,0,5,805,19223.97,0
93,3,17,66,6,1020,0,0,0,0,0,3,510,2275.09,0
94,4,13,55,3,483,0,0,504.35,1513.05,0,1,241,29806.15,0
95,3,24,81,5,850,3,0.18,0,0,0.24,2,425,8659.98,4329.99
96,4,20,80,11,1100,3,0,1347.82,14826.02,0,5,550,28079.38,0
97,0,13,80,7,777,4,0,145.71,1019.97,0,3,388,0,0
98,4,21,47,8,1136,0,0,1199.04,9592.32,0,4,568,21405.01,10702.5
99,3,18,75,9,1296,0,0.08,577.61,5198.49,0.2,4,648,15043.95,7521.98
100,0,13,77,4,468,0,0,1863.51,7454.04,0,2,234,0,0
101,3,16,65,2,252,2,0.26,180.37,360.74,0.02,1,126,10861.79,5430.9
102,3,15,75,10,1590,0,0.1,0,0,0.08,5,795,0,0
103,0,24,79,5,780,3,0,0,0,0,2,390,0,0
104,3,16,83,10,1300,1,0.21,1333.32,13333.2,0.21,5,650,0,0
105,4,25,89,2,128,3,0.09,0,0,0.05,1,64,0,0
106,3,17,49,10,860,0,0.09,0,0,0.26,5,430,6210.23,0
107,4,23,53,11,1353,4,0,0,0,0,5,676,0,0
108,0,16,89,6,396,3,0.08,1152.3,6913.8,0.18,3,198,5162.04,0
109,4,18,66,8,880,4,0,805.13,6441.04,0,4,440,0,0
110,3,19,88,3,342,0,0.09,1342.33,4026.99,0.22,1,171,0,0
111,3,17,72,11,1089,5,0.04,761.14,8372.54,0.25,5,544,0,0
112,4,16,60,3,462,5,0,1504.53,4513.59,0,1,231,9531.5,4765.75
113,0,24,46,11,1771,3,0.11,130.4,1434.4,0,5,885,24978.82,12489.41
114,4,13,84,8,1144,4,0,0,0,0,4,572,10979.01,0
115,0,22,77,3,498,4,0,0,0,0,1,249,24326.71,0
116,0,25,55,3,309,5,0,1677.69,5033.07,0,1,154,12952.1,6476.05
117,4,19,49,7,1106,2,0,0,0,0,3,553,12693.74,6346.87
118,0,14,85,9,1755,0,0.18,0,0,0.11,4,877,14936.05,7468.02
119,0,25,66,10,890,0,0.28,387.91,3879.1,0.22,5,445,29483.72,14741.86
120,4,23,87,2,294,0,0,1782.02,3564.04,0,1,147,28896.73,0
121,0,21,86,9,738,5,0,1849.76,16647.84,0,4,369,8123.05,0
122,4,21,88,12,1536,3,0,0,0,0,6,768,7207.33,0
123,0,16,48,8,888,2,0,534.41,4275.28,0,4,444,5988.15,2994.07
124,0,25,82,5,925,5,0,0,0,0,2,462,15262.65,7631.32
125,4,25,75,7,1162,5,0.07,247.98,1735.86,0.2,3,581,6297.14,3148.57
126,3,23,89,7,1309,2,0,7.62,53.34,0,3,654,12217.69,0
127,3,21,55,7,1113,0,0,0,0,0,3,556,0,0
128,3,17,61,12,1212,2,0.28,568.87,6826.44,0.27,6,606,26042.63,0
129,3,16,85,12,2088,5,0.11,0,0,0.08,6,1044,7725.22,3862.61
130,0,19,68,4,564,1,0,1585.45,6341.8,0,2,282,17809.08,0
131,3,22,84,3,240,4,0,1543.82,4631.46,0,1,120,0,0
132,3,18,69,3,231,0,0,993.27,2979.81,0,1,115,1842.34,0
133,0,22,84,2,272,5,0.17,0,0,0.26,1,136,17559.71,8779.85
134,4,25,53,6,384,5,0.14,0,0,0.01,3,192,18184.49,9092.25
135,0,14,56,11,792,5,0,726.34,7989.74,0,5,396,14348.77,7174.39
136,0,14,58,7,1274,3,0.06,0,0,0.08,3,637,3663.58,1831.79
137,0,16,62,7,623,3,0.23,0,0,0.02,3,311,0,0
138,3,14,56,9,1395,0,0,1140.85,10267.65,0,4,697,23021.37,11510.68
139,4,20,82,2,208,1,0.03,0,0,0.18,1,104,0,0
140,4,13,60,6,798,2,0,0,0,0,3,399,0,0
141,0,16,51,7,532,2,0.07,0,0,0.1,3,266,0,0
142,4,25,49,2,146,5,0,0,0,0,1,73,0,0
143,4,17,75,5,460,5,0,0,0,0,2,230,1635.42,817.71
144,3,24,76,9,936,2,0,1052.35,9471.15,0,4,468,0,0
145,4,21,83,9,1440,2,0,0,0,0,4,720,8234.83,0
146,4,18,68,9,1467,5,0.26,0,0,0.08,4,733,15545.14,0
147,4,23,74,11,2134,3,0.16,0,0,0.26,5,1067,19955.74,9977.87
148,3,13,46,6,1092,0,0.28,0,0,0,3,546,7825.1,3912.55
149,4,15,70,9,1107,0,0,390.53,3514.77,0,4,553,25295.25,0
150,3,25,76,3,294,4,0.13,1739.66,5218.98,0.01,1,147,16647.9,0
151,3,20,71,12,2244,1,0.11,922.82,11073.84,0.01,6,1122,5287.83,0
152,0,24,75,3,201,5,0,627.32,1881.96,0,1,100,0,0
153,3,21,51,10,1800,2,0,606.15,6061.5,0,5,900,5404.74,2702.37
154,4,20,56,12,1728,1,0,1808.64,21703.68,0,6,864,0,0
155,3,24,78,7,1113,3,0,341.43,2390.01,0,3,556,11756.02,0
156,4,14,51,3,369,5,0.05,0,0,0.29,1,184,3487.15,1743.58
157,3,17,69,3,588,2,0,0,0,0,1,294,0,0
158,0,21,53,3,582,1,0.03,0,0,0.19,1,291,8286.55,4143.27
159,4,23,48,7,1246,1,0,1891.77,13242.39,0,3,623,29092.53,0
160,0,23,63,4,780,0,0,0,0,0,2,390,0,0
161,4,23,83,3,387,3,0.26,1626.11,4878.33,0.25,1,193,22229.81,11114.91
162,4,16,48,7,1050,2,0.12,1649.27,11544.89,0,3,525,9772.34,4886.17
163,4,18,70,9,1620,3,0.24,0,0,0.2,4,810,8736.73,0
164,0,15,53,5,375,2,0.03,0,0,0.12,2,187,18797.75,0
165,3,21,88,4,328,3,0,1755.3,7021.2,0,2,164,25521.89,0
166,3,13,57,3,423,5,0,0,0,0,1,211,5336.16,0
167,3,24,45,7,882,2,0,912.63,6388.41,0,3,441,18846.49,9423.25
168,0,20,68,3,588,0,0.02,1929.38,5788.14,0.18,1,294,24316.82,0
169,0,16,65,11,1133,3,0,916.05,10076.55,0,5,566,12404.59,6202.3
170,0,25,55,3,363,0,0,814.59,2443.77,0,1,181,22945.42,11472.71
171,0,15,81,12,720,0,0,0,0,0,6,360,29877.56,0
172,0,14,58,3,288,3,0,620.77,1862.31,0,1,144,1681.37,840.68
173,0,22,85,3,258,0,0.3,0,0,0.06,1,129,28355.99,0
174,0,22,87,7,728,3,0.09,0,0,0.04,3,364,16460.18,8230.09
175,4,24,71,3,447,4,0.13,0,0,0.15,1,223,2668.72,0
176,0,14,56,8,1344,1,0.09,0,0,0.09,4,672,20487.49,10243.75
177,3,13,72,8,1152,0,0,0,0,0,4,576,28902.58,14451.29
178,0,20,57,7,1330,5,0,0,0,0,3,665,4508.25,2254.12
179,4,18,49,3,513,1,0,0,0,0,1,256,0,0
180,0,24,65,10,1220,5,0.1,0,0,0.18,5,610,23105.27,0
181,4,17,67,4,704,3,0.15,0,0,0.13,2,352,0,0
182,4,17,48,2,120,1,0.26,0,0,0.02,1,60,15091.96,0
183,3,24,47,12,1008,0,0,0,0,0,6,504,24861.83,0
184,4,18,70,9,1161,1,0.28,908.14,8173.26,0.02,4,580,24572.35,12286.17
185,3,23,73,12,1464,0,0.21,1373.27,16479.24,0.11,6,732,838.21,419.11
186,0,14,82,7,1064,0,0.07,1817.76,12724.32,0,3,532,0,0
187,3,18,51,12,2124,3,0,0,0,0,6,1062,0,0
188,4,22,50,6,618,5,0,0,0,0,3,309,23013.93,0
189,3,15,68,7,896,4,0,1611.63,11281.41,0,3,448,15622.88,7811.44
190,4,21,49,11,2167,0,0,0,0,0,5,1083,0,0
191,0,24,83,7,924,2,0,134.33,940.31,0,3,462,11363.13,5681.56
192,4,18,64,10,1590,5,0,0,0,0,5,795,14226.56,7113.28
193,0,19,48,12,1920,1,0,1872.5,22470,0,6,960,19028.39,9514.19
194,3,23,45,11,1243,5,0,1239.49,13634.39,0,5,621,27544.42,0
195,0,17,79,10,930,4,0,0,0,0,5,465,8664.35,4332.18
196,0,23,88,9,1584,2,0,1876.15,16885.35,0,4,792,0,0
197,0,25,80,10,1300,3,0.07,0,0,0.08,5,650,23690.07,0
198,0,16,48,8,1120,4,0.16,113.62,908.96,0.19,4,560,21197.07,10598.53
199,3,19,57,6,1032,1,0,0,0,0,3,516,25739.92,0
200,4,14,46,3,552,0,0.2,0,0,0.18,1,276,17828.99,0
201,0,14,69,3,540,1,0,0,0,0,1,270,3084.91,1542.45
202,3,21,49,12,1344,4,0.22,0,0,0.17,6,672,4264.15,0
203,0,23,54,12,720,5,0.23,0,0,0.09,6,360,27980.98,0
204,3,16,70,6,1050,3,0,0,0,0,3,525,21902.38,0
205,0,24,55,4,628,2,0.29,873.94,3495.76,0.06,2,314,2089.44,0
206,0,16,45,4,716,4,0,0,0,0,2,358,14802.9,7401.45
207,0,14,90,8,1160,0,0.12,0,0,0.21,4,580,15663.11,0
208,3,15,79,11,1452,4,0,0,0,0,5,726,5335.72,2667.86
209,0,16,55,7,462,4,0,779.96,5459.72,0,3,231,0,0
210,3,23,57,4,720,0,0.23,659.83,2639.32,0.29,2,360,16040.03,0
211,4,25,69,8,800,2,0.18,1214.94,9719.52,0.18,4,400,22573.01,0
212,4,23,74,12,1944,0,0.11,0,0,0.29,6,972,3492.37,1746.18
213,4,24,56,5,355,4,0,0,0,0,2,177,28386.74,14193.37
214,3,25,77,3,261,5,0.18,1003.29,3009.87,0.29,1,130,0,0
215,0,16,72,12,1848,0,0.15,0,0,0.14,6,924,7382.59,3691.3
216,3,13,77,8,1400,3,0,0,0,0,4,700,23575.78,11787.89
217,0,25,56,8,1384,1,0.27,0,0,0.13,4,692,7528.69,0
218,3,25,70,3,264,1,0.03,835.46,2506.38,0.1,1,132,0,0
219,4,13,87,8,1536,1,0.07,0,0,0.27,4,768,16287.62,0
220,3,22,45,7,1190,2,0,1194.48,8361.36,0,3,595,0,0
221,3,14,90,11,1397,0,0.13,1478.32,16261.52,0.2,5,698,25682.78,12841.39
222,0,21,50,8,480,0,0,873.88,6991.04,0,4,240,0,0
223,3,15,90,8,1344,0,0.21,26.02,208.16,0.17,4,672,0,0
224,4,16,71,4,308,4,0,0,0,0,2,154,29054.9,14527.45
225,4,25,66,11,1958,2,0,0,0,0,5,979,15920.78,0
226,4,14,49,10,1460,2,0,1034.38,10343.8,0,5,730,20228.6,10114.3
227,4,19,52,8,1208,3,0,0,0,0,4,604,27409.3,0
228,4,20,55,11,913,5,0,0,0,0,5,456,0,0
229,4,19,59,11,1397,4,0.28,135.29,1488.19,0.3,5,698,25131.39,0
230,3,19,80,4,412,1,0.24,1734.04,6936.16,0.1,2,206,23574.19,0
231,4,15,84,4,292,1,0,0,0,0,2,146,8282.71,4141.35
232,3,20,58,5,925,5,0,1347.83,6739.15,0,2,462,3112.27,0
233,3,24,55,10,1120,3,0.25,0,0,0.25,5,560,0,0
234,4,17,86,2,228,4,0,0,0,0,1,114,18249.89,9124.94
235,3,25,56,6,738,0,0.12,0,0,0.01,3,369,0,0
236,3,21,71,4,348,2,0.15,0,0,0.24,2,174,7379.82,3689.91
237,4,18,62,7,826,4,0.23,914.99,6404.93,0.2,3,413,25160.54,0
238,4,25,56,11,1001,3,0.2,0,0,0.06,5,500,13372.58,0
239,4,24,65,4,388,5,0.18,0,0,0.05,2,194,0,0
240,0,16,65,5,470,0,0,1909.7,9548.5,0,2,235,0,0
241,3,13,64,10,1850,0,0.19,1560.51,15605.1,0.23,5,925,27378.21,0
242,0,14,59,11,1617,5,0,1537.93,16917.23,0,5,808,10101.2,0
243,0,18,82,7,1260,0,0,0,0,0,3,630,12802.52,0
244,4,21,57,11,1375,2,0,0,0,0,5,687,0,0
245,3,25,83,2,280,0,0,106.73,213.46,0,1,140,23109.37,0
246,3,16,47,6,732,2,0,0,0,0,3,366,14845.51,7422.76
247,3,18,47,11,1826,4,0.26,1821.78,20039.58,0.29,5,913,11862,0
248,0,22,78,11,1804,3,0,1928.96,21218.56,0,5,902,0,0
249,3,23,53,12,1908,3,0.27,0,0,0.13,6,954,1041.38,520.69
250,4,14,80,11,1705,0,0,1060.36,11663.96,0,5,852,2040.69,0
251,3,14,69,11,1474,3,0.18,0,0,0.19,5,737,3645.35,1822.67
252,3,19,70,9,1332,3,0.17,465.1,4185.9,0.14,4,666,12704.73,6352.36
253,0,20,86,11,1265,4,0,0,0,0,5,632,14883.11,0
254,4,19,84,2,200,3,0,1745.92,3491.84,0,1,100,0,0
255,0,18,69,11,1001,3,0.08,835.92,9195.12,0.01,5,500,0,0
256,3,25,62,4,588,4,0,0,0,0,2,294,11612.68,0
257,0,18,77,7,952,1,0,1704.62,11932.34,0,3,476,0,0
258,0,25,74,5,1000,1,0.08,583.41,2917.05,0.13,2,500,4144.34,2072.17
259,4,23,72,5,775,2,0.28,0,0,0.16,2,387,0,0
260,3,25,73,11,979,4,0,1842.94,20272.34,0,5,489,3365.77,0
261,4,25,53,8,1016,4,0,867.98,6943.84,0,4,508,0,0
262,3,15,75,2,326,3,0,0,0,0,1,163,10974.65,0
263,3,18,57,10,1460,2,0.17,1672.34,16723.4,0.17,5,730,26472.5,0
264,4,13,86,5,700,4,0,956.94,4784.7,0,2,350,0,0
265,4,16,84,4,284,3,0.07,969.94,3879.76,0.08,2,142,0,0
266,3,17,61,12,1320,3,0.2,653.97,7847.64,0.29,6,660,0,0
267,4,14,89,3,405,5,0.25,542.95,1628.85,0.16,1,202,19513.27,0
268,0,24,72,8,816,3,0.07,1397.12,11176.96,0.16,4,408,4519.44,0
269,0,20,51,9,1512,2,0,1721.23,15491.07,0,4,756,18174.93,0
270,3,19,56,11,1771,0,0,0,0,0,5,885,21683.99,0
271,4,19,53,11,1848,2,0,0,0,0,5,924,4844.37,0
272,3,13,59,2,348,1,0.18,563.42,1126.84,0.13,1,174,21998.78,0
273,3,18,85,5,595,2,0,64.32,321.6,0,2,297,0,0
274,4,20,80,11,726,2,0.25,338.9,3727.9,0.07,5,363,11028.51,0
275,0,23,61,8,1424,5,0,0,0,0,4,712,16584.98,8292.49
276,3,16,90,8,792,1,0,0,0,0,4,396,6989.64,3494.82
277,0,23,46,3,210,1,0.24,0,0,0.06,1,105,0,0
278,4,18,46,6,462,3,0.16,592.79,3556.74,0.04,3,231,1735.6,867.8
279,3,21,84,9,1620,1,0.15,373.67,3363.03,0.23,4,810,0,0
280,3,20,86,7,1379,5,0,339.37,2375.59,0,3,689,0,0
281,4,18,57,2,388,1,0,0,0,0,1,194,3422.5,0
282,3,25,85,2,272,3,0.23,0,0,0.09,1,136,1737.31,0
283,4,19,52,10,1000,0,0,969.53,9695.3,0,5,500,3065.42,0
284,0,14,77,3,192,4,0,0,0,0,1,96,0,0
285,0,21,60,7,1246,5,0.23,839.52,5876.64,0.02,3,623,29531.19,0
286,0,16,76,4,736,0,0.07,0,0,0.04,2,368,7529.53,0
287,0,14,83,8,704,2,0,433.77,3470.16,0,4,352,25161.4,0
288,4,23,75,11,1463,5,0,0,0,0,5,731,18921.31,0
289,3,13,62,6,930,5,0.23,0,0,0.26,3,465,27465.42,13732.71
290,3,16,77,8,1592,5,0.01,0,0,0.13,4,796,8079.39,0
291,0,25,52,8,952,3,0,890.02,7120.16,0,4,476,29293.78,0
292,3,15,69,10,990,1,0.18,1889.52,18895.2,0.23,5,495,22013.33,11006.67
293,0,16,73,12,1944,4,0.04,0,0,0.01,6,972,12117.93,6058.97
294,3,15,88,11,1496,3,0,0,0,0,5,748,11429.27,5714.64
295,3,22,77,6,798,2,0.21,0,0,0.05,3,399,7867.81,3933.91
296,0,15,69,8,1040,5,0,0,0,0,4,520,23415.61,0
297,0,20,84,11,1947,1,0.1,0,0,0.13,5,973,27961.74,0
298,0,15,69,5,900,5,0,433.33,2166.65,0,2,450,8708.3,0
299,3,15,59,6,1146,1,0.13,1881.47,11288.82,0.2,3,573,6512.3,0
300,3,23,74,2,200,3,0.27,475.89,951.78,0.14,1,100,0,0
301,4,25,85,8,1296,5,0.05,0,0,0.26,4,648,0,0
302,4,17,76,5,635,5,0,0,0,0,2,317,0,0
303,0,22,84,9,1089,0,0.02,0,0,0,4,544,0,0
304,3,14,55,8,1008,4,0,0,0,0,4,504,12311.64,0
305,4,18,85,8,528,2,0,0,0,0,4,264,0,0
306,4,15,90,10,720,5,0.14,1063.37,10633.7,0.27,5,360,0,0
307,3,24,82,12,1236,1,0,852.75,10233,0,6,618,22835.02,0
308,4,17,55,9,1692,0,0,0,0,0,4,846,6195.01,0
309,0,19,45,4,284,2,0.12,133.83,535.32,0.14,2,142,6471.7,0
310,4,22,79,5,710,2,0.17,0,0,0.24,2,355,9516.79,0
311,0,23,50,10,830,4,0.08,0,0,0.15,5,415,24739.08,0
312,3,14,80,7,560,1,0.03,1157.22,8100.54,0.23,3,280,7544.18,0
313,3,24,65,5,825,3,0.24,808.06,4040.3,0.08,2,412,0,0
314,0,16,68,11,1606,0,0,0,0,0,5,803,23654.59,11827.3
315,3,15,79,4,364,3,0,142.16,568.64,0,2,182,0,0
316,0,21,79,12,1644,5,0,1947.87,23374.44,0,6,822,25666.63,12833.32
317,3,21,80,7,581,3,0.22,1491.76,10442.32,0.28,3,290,18735.62,0
318,3,25,67,6,942,1,0.2,494.1,2964.6,0.05,3,471,28996.8,14498.4
319,0,24,64,3,318,3,0.17,0,0,0.12,1,159,0,0
320,3,18,63,11,1463,4,0.26,0,0,0.18,5,731,4601.23,0
321,0,19,78,3,582,1,0.02,783.5,2350.5,0.02,1,291,3802.21,1901.11
322,4,19,59,7,1351,2,0.27,1978.82,13851.74,0.26,3,675,2755.31,0
323,0,23,77,8,1480,4,0,0,0,0,4,740,440.23,220.12
324,3,21,58,11,2101,3,0,627.38,6901.18,0,5,1050,10589.03,0
325,4,22,51,10,1590,1,0.22,492.72,4927.2,0.13,5,795,27634.93,0
326,3,16,82,3,552,3,0.07,735.92,2207.76,0.24,1,276,19366.64,0
327,0,13,63,2,384,0,0.16,0,0,0.08,1,192,27834.9,13917.45
328,0,19,83,2,352,2,0.02,1692.18,3384.36,0.26,1,176,16041.35,0
329,0,17,87,11,1936,1,0,818.77,9006.47,0,5,968,29969.52,0
330,3,19,57,2,268,5,0,0,0,0,1,134,8730.29,4365.15
331,3,15,48,6,738,5,0,0,0,0,3,369,14370.78,7185.39
332,4,15,70,6,936,0,0,109.19,655.14,0,3,468,0,0
333,4,24,56,11,2156,4,0,1545.25,16997.75,0,5,1078,0,0
334,3,15,87,6,474,4,0.26,454.56,2727.36,0.2,3,237,16055.57,0
335,4,13,62,5,415,1,0,437.49,2187.45,0,2,207,17512.46,8756.23
336,3,25,51,5,895,5,0,0,0,0,2,447,22140.43,11070.22
337,3,18,66,3,366,1,0,577.91,1733.73,0,1,183,0,0
338,4,17,68,6,924,0,0,1187.5,7125,0,3,462,26851.31,0
339,3,25,51,4,360,3,0.04,0,0,0.29,2,180,16054.58,8027.29
340,0,15,48,3,522,5,0.15,0,0,0.24,1,261,0,0
341,4,15,45,10,1690,1,0.17,346.35,3463.5,0.08,5,845,3.87,0
342,0,19,90,6,888,5,0,0,0,0,3,444,14848.39,0
343,4,25,88,12,2352,5,0,0,0,0,6,1176,7306.2,3653.1
344,4,18,85,12,1740,2,0.06,1672.93,20075.16,0.09,6,870,0,0
345,3,15,58,5,765,0,0,252.38,1261.9,0,2,382,22860.08,0
346,3,18,49,11,1760,4,0,506.08,5566.88,0,5,880,25499.51,0
347,3,21,68,7,1204,3,0,0,0,0,3,602,0,0
348,4,14,68,8,584,5,0.22,0,0,0.17,4,292,13379.91,0
349,4,22,50,11,660,3,0.07,1547.92,17027.12,0,5,330,3906.77,0
350,4,19,88,6,1164,3,0,566.96,3401.76,0,3,582,4397.91,0
351,0,17,54,9,1557,0,0,675.67,6081.03,0,4,778,16376.79,0
352,0,16,77,12,1056,5,0,0,0,0,6,528,12384.53,6192.27
353,3,21,55,8,1120,4,0,256.68,2053.44,0,4,560,25646.36,12823.18
354,4,15,87,4,512,2,0.19,0,0,0.2,2,256,0,0
355,0,24,67,3,366,5,0,0,0,0,1,183,12785.57,0
356,3,14,67,12,900,4,0.3,0,0,0.22,6,450,2987.54,0
357,3,20,66,3,399,0,0.01,528.21,1584.63,0.13,1,199,0,0
358,3,24,70,7,1120,2,0,1738.86,12172.02,0,3,560,0,0
359,3,19,73,12,1128,5,0,1275.43,15305.16,0,6,564,11822.34,0
360,4,16,49,12,1932,5,0,1572.61,18871.32,0,6,966,0,0
361,4,16,57,8,624,4,0,308.35,2466.8,0,4,312,3903.51,0
362,4,24,48,4,316,1,0.24,0,0,0.29,2,158,0,0
363,0,19,72,9,1413,2,0.17,0,0,0.03,4,706,10387.28,0
364,0,17,71,11,1562,5,0,1921.78,21139.58,0,5,781,0,0
365,0,20,48,12,912,1,0.18,268.58,3222.96,0.06,6,456,0,0
366,0,23,53,5,380,1,0,0,0,0,2,190,0,0
367,4,23,89,3,381,2,0,0,0,0,1,190,28655.24,14327.62
368,4,14,58,12,1716,3,0.14,1759.52,21114.24,0.22,6,858,17493.95,8746.98
369,0,22,85,6,612,4,0.09,0,0,0.07,3,306,0,0
370,0,20,78,8,1000,2,0.24,160.82,1286.56,0.25,4,500,22333.39,0
371,0,16,71,12,1560,2,0.01,1115.64,13387.68,0.29,6,780,17551.11,0
372,4,13,86,6,1152,3,0.13,1352.11,8112.66,0.26,3,576,15982.65,7991.32
373,3,23,72,12,1968,3,0,143.84,1726.08,0,6,984,3782.36,0
374,3,19,68,10,1330,5,0,0,0,0,5,665,8633.8,0
375,4,17,83,9,1773,0,0,1879.84,16918.56,0,4,886,0,0
376,4,17,46,11,748,2,0.07,0,0,0.09,5,374,25874.2,0
377,0,14,67,5,465,0,0,783.68,3918.4,0,2,232,0,0
378,4,18,52,11,891,2,0,1381.99,15201.89,0,5,445,7156.5,0
379,0,24,86,3,507,0,0.11,0,0,0.05,1,253,21302.22,0
380,4,17,76,9,1368,4,0.23,0,0,0.2,4,684,0,0
381,4,25,72,8,520,1,0,185.5,1484,0,4,260,8512.68,0
382,0,18,63,10,790,0,0,350.02,3500.2,0,5,395,18363.65,9181.83
383,3,22,86,9,1692,2,0,1094.81,9853.29,0,4,846,15470.86,0
384,0,23,65,12,1560,0,0,0,0,0,6,780,22103.24,0
385,4,24,77,8,624,2,0,0,0,0,4,312,14788.79,7394.4
386,0,24,61,11,1001,2,0,69.36,762.96,0,5,500,12963.71,0
387,4,16,80,3,309,0,0,0,0,0,1,154,15613.11,0
388,4,20,83,5,800,5,0.07,0,0,0.13,2,400,14415.33,7207.66
389,3,14,72,5,655,1,0.24,0,0,0.17,2,327,0,0
390,3,14,87,2,170,3,0,93.11,186.22,0,1,85,11344.41,5672.2
391,0,23,69,12,1560,0,0.15,0,0,0.12,6,780,1516.34,758.17
392,3,21,45,2,210,4,0.01,1782.13,3564.26,0.26,1,105,10972.06,0
393,4,19,81,6,900,0,0.06,976.31,5857.86,0.05,3,450,17689.1,0
394,4,15,48,12,1512,1,0,0,0,0,6,756,0,0
395,0,21,68,7,917,0,0,0,0,0,3,458,7772.42,3886.21
396,4,23,72,6,1116,0,0.06,41.87,251.22,0.2,3,558,27711.52,13855.76
397,4,16,73,6,1044,5,0.27,1498.69,8992.14,0.19,3,522,21975.72,10987.86
398,0,20,90,8,856,5,0,0,0,0,4,428,26295.57,13147.78
399,4,14,80,11,1551,0,0,0,0,0,5,775,21672.74,10836.37
400,4,18,86,12,804,4,0.25,0,0,0.26,6,402,8547.29,0
401,4,18,84,8,880,2,0.02,0,0,0.09,4,440,0,0
402,3,13,85,5,490,2,0,1031.33,5156.65,0,2,245,12435.45,6217.73
403,3,21,74,7,434,3,0.03,1604.69,11232.83,0.05,3,217,0,0
404,0,22,70,5,345,3,0.27,0,0,0.08,2,172,0,0
405,0,24,65,6,360,3,0.08,1116.69,6700.14,0.21,3,180,0,0
406,0,13,60,9,1377,1,0.2,0,0,0.21,4,688,0,0
407,0,14,57,5,895,0,0.19,671.12,3355.6,0.07,2,447,20421.26,10210.63
408,3,17,84,6,684,3,0,793.99,4763.94,0,3,342,18943.96,9471.98
409,3,23,47,5,380,3,0.18,944.74,4723.7,0.24,2,190,1827.22,0
410,4,13,73,4,596,1,0,1027.5,4110,0,2,298,5265.45,0
411,3,18,80,10,940,1,0,1681.46,16814.6,0,5,470,7234.18,3617.09
412,4,13,65,3,579,5,0.23,1472.3,4416.9,0.24,1,289,21683.72,0
413,0,19,52,10,1630,5,0.22,0,0,0.27,5,815,29112.62,14556.31
414,0,16,51,12,1152,5,0,0,0,0,6,576,0,0
415,3,18,78,4,324,0,0,1049.41,4197.64,0,2,162,25859.59,12929.8
416,0,18,73,5,935,5,0,0,0,0,2,467,24319.34,0
417,0,14,90,6,570,4,0,483,2898,0,3,285,23921.71,0
418,4,24,72,6,660,4,0,0,0,0,3,330,20991.92,10495.96
419,3,16,50,2,182,4,0.02,910,1820,0.29,1,91,0,0
420,0,20,63,4,288,3,0.23,1665.66,6662.64,0.13,2,144,14735.3,0
421,3,13,59,11,1441,5,0.22,0,0,0.05,5,720,14206.53,7103.27
422,3,16,79,12,1800,4,0.23,0,0,0.3,6,900,29226.66,0
423,0,25,59,12,1644,2,0.26,421.84,5062.08,0.24,6,822,0,0
424,4,19,63,8,768,3,0,1671.75,13374,0,4,384,11821.8,5910.9
425,0,13,77,8,856,3,0,0,0,0,4,428,22006.26,11003.13
426,3,24,67,4,388,4,0.19,1259.6,5038.4,0.26,2,194,0,0
427,3,18,65,7,686,2,0,0,0,0,3,343,26229.41,13114.7
428,4,13,70,4,456,2,0,0,0,0,2,228,29918.93,14959.47
429,0,22,68,5,340,5,0.15,0,0,0.06,2,170,0,0
430,3,16,59,5,650,4,0.3,0,0,0.16,2,325,9198.47,0
431,4,19,87,10,1890,4,0,1056.16,10561.6,0,5,945,29604.94,0
432,4,19,84,6,1104,0,0.21,1546.96,9281.76,0.2,3,552,0,0
433,4,15,71,11,1430,5,0,0,0,0,5,715,14597.57,0
434,3,18,55,9,1467,0,0.04,439.95,3959.55,0.22,4,733,0,0
435,4,14,56,5,835,0,0.17,0,0,0.13,2,417,25889.52,0
436,0,23,82,9,765,2,0,0,0,0,4,382,1335.31,667.65
437,3,17,87,10,1030,2,0,853.95,8539.5,0,5,515,11891.79,5945.9
438,4,17,53,2,316,2,0,541.52,1083.04,0,1,158,24821.61,0
439,0,19,64,9,1485,2,0.08,1310.59,11795.31,0.26,4,742,7140.56,0
440,3,23,73,7,1197,2,0.2,0,0,0.26,3,598,20228.96,10114.48
441,4,23,65,11,1485,4,0.18,0,0,0.16,5,742,28145.39,14072.69
442,3,21,57,12,768,0,0.27,0,0,0.25,6,384,9450.58,0
443,0,23,66,9,540,2,0,11.49,103.41,0,4,270,8722.44,0
444,3,24,48,12,1212,4,0.05,0,0,0.07,6,606,28446.41,14223.2
445,0,20,61,12,1968,3,0,750.72,9008.64,0,6,984,0,0
446,0,16,84,6,954,2,0,0,0,0,3,477,26963.93,13481.97
447,3,24,76,12,816,2,0.08,0,0,0.06,6,408,0,0
448,3,17,66,3,219,3,0.24,0,0,0.27,1,109,18639.32,9319.66
449,0,16,83,12,876,1,0.18,514.37,6172.44,0.03,6,438,20146.43,10073.22
450,4,21,51,7,770,0,0,1863.83,13046.81,0,3,385,11117.24,5558.62
451,4,20,52,11,1595,0,0.22,0,0,0.21,5,797,16244.78,0
452,3,22,54,5,570,2,0,0,0,0,2,285,9427.62,0
453,3,20,65,10,1770,0,0,0,0,0,5,885,29349.07,0
454,3,16,65,3,279,3,0,1541.89,4625.67,0,1,139,2671.73,1335.87
455,3,25,66,8,1560,5,0,0,0,0,4,780,0,0
456,4,20,81,12,1656,1,0,0,0,0,6,828,0,0
457,0,16,48,7,1344,3,0,0,0,0,3,672,21935.7,10967.85
458,3,21,51,2,150,3,0.03,1501.18,3002.36,0.11,1,75,0,0
459,3,14,53,9,1377,5,0.15,598.95,5390.55,0.28,4,688,13868.75,0
460,4,18,86,2,286,3,0,0,0,0,1,143,0,0
461,4,25,63,12,1980,1,0,0,0,0,6,990,0,0
462,0,18,58,8,1344,4,0.18,1739.04,13912.32,0.16,4,672,6903.61,3451.8
463,3,14,54,8,1504,2,0,589.19,4713.52,0,4,752,16865.84,0
464,4,17,74,8,1256,1,0.08,75.85,606.8,0.02,4,628,0,0
465,3,21,50,8,1224,5,0.25,989.06,7912.48,0.04,4,612,23699.2,0
466,0,25,70,11,1045,0,0,655.01,7205.11,0,5,522,29771.98,0
467,3,17,76,9,873,1,0,0,0,0,4,436,0,0
468,4,19,82,6,882,5,0.04,135.06,810.36,0.04,3,441,18394.62,0
469,4,14,84,12,2352,0,0.27,0,0,0.3,6,1176,3020.4,1510.2
470,4,16,61,11,1958,5,0,0,0,0,5,979,15625.3,7812.65
471,3,15,58,6,780,4,0.22,0,0,0.22,3,390,17675.09,0
472,3,24,76,5,925,0,0,1464.52,7322.6,0,2,462,0,0
473,0,23,86,11,770,5,0.1,1782.64,19609.04,0.22,5,385,708.32,0
474,4,24,55,3,282,1,0,0,0,0,1,141,0,0
475,3,25,90,10,1390,1,0.29,532.37,5323.7,0.08,5,695,0,0
476,3,23,87,4,336,4,0.29,1826.09,7304.36,0.28,2,168,0,0
477,0,18,78,10,1430,1,0,0,0,0,5,715,5561.16,0
478,0,25,58,12,2352,5,0,0,0,0,6,1176,0,0
479,4,15,78,3,510,3,0,0,0,0,1,255,0,0
480,4,24,69,5,855,4,0,0,0,0,2,427,1449.37,724.68
481,4,24,49,2,336,5,0,0,0,0,1,168,20277.86,10138.93
482,3,23,86,7,987,2,0.24,1125,7875,0.03,3,493,2488.08,1244.04
483,4,21,86,8,1496,4,0.06,470.34,3762.72,0.01,4,748,0,0
484,4,23,70,10,1750,2,0,0,0,0,5,875,0,0
485,4,19,90,10,1760,0,0.14,1782.42,17824.2,0.29,5,880,0,0
486,4,21,74,4,272,1,0,1953.39,7813.56,0,2,136,8574.55,4287.27
487,4,17,64,2,390,2,0.22,392.83,785.66,0.1,1,195,17965.01,8982.5
488,4,21,75,11,847,4,0,0,0,0,5,423,0,0
489,3,21,86,5,810,4,0,1151.43,5757.15,0,2,405,26643.07,13321.53
490,3,23,66,12,1704,1,0.09,0,0,0.1,6,852,9637.53,0
491,0,20,54,6,444,1,0,0,0,0,3,222,7408.65,0
492,3,21,51,11,2123,2,0.02,882.79,9710.69,0.07,5,1061,0,0
493,4,24,59,6,1116,2,0.05,1602.58,9615.48,0.01,3,558,5725.33,2862.66
494,0,22,82,5,590,1,0.14,346.05,1730.25,0,2,295,23468.86,0
495,0,21,75,6,504,4,0,237.04,1422.24,0,3,252,0,0
496,0,25,74,11,847,1,0,445.08,4895.88,0,5,423,24979.97,0
497,3,16,86,9,1431,4,0,456.94,4112.46,0,4,715,3879.29,1939.64
498,4,19,77,8,1000,5,0,6.58,52.64,0,4,500,0,0
499,3,15,64,3,441,5,0,253.99,761.97,0,1,220,1390.99,695.5
500,0,18,45,12,1836,0,0.05,0,0,0.15,6,918,15833.06,7916.53
501,0,25,75,4,468,3,0,807.23,3228.92,0,2,234,26593.82,13296.91
502,4,19,47,3,513,2,0,0,0,0,1,256,0,0
503,3,23,79,10,1920,2,0.23,1373.18,13731.8,0.09,5,960,6066.05,3033.03
504,3,18,70,8,664,1,0,0,0,0,4,332,289.78,144.89
505,4,17,84,10,1290,5,0,101.47,1014.7,0,5,645,0,0
506,3,15,63,6,1104,1,0,0,0,0,3,552,0,0
507,0,16,79,10,1220,0,0.01,141.99,1419.9,0.22,5,610,10595.52,5297.76
508,0,18,56,8,680,5,0.29,1234.58,9876.64,0.25,4,340,4383.71,0
509,3,18,79,5,540,2,0,0,0,0,2,270,0,0
510,4,17,81,2,380,2,0,754.17,1508.34,0,1,190,0,0
511,3,15,66,4,308,0,0,1980.28,7921.12,0,2,154,0,0
512,3,23,66,12,2124,0,0,1242.78,14913.36,0,6,1062,8472.9,0
513,4,25,46,5,680,2,0.15,0,0,0.25,2,340,0,0
514,3,13,60,2,350,4,0.28,236.94,473.88,0.05,1,175,10720.11,5360.06
515,0,23,47,9,1755,1,0.11,1333.4,12000.6,0.15,4,877,2525.19,0
516,4,24,88,7,980,1,0.11,0,0,0.04,3,490,0,0
517,0,14,83,4,708,2,0.07,746.23,2984.92,0.13,2,354,0,0
518,3,24,59,11,1936,1,0,0,0,0,5,968,5981.49,2990.74
519,4,18,51,10,1080,2,0.1,0,0,0.06,5,540,20893.72,0
520,0,14,64,8,1448,2,0.12,0,0,0.01,4,724,24571.39,0
521,4,13,71,10,1090,3,0.23,0,0,0.06,5,545,12738.37,0
522,3,21,49,11,1265,0,0,0,0,0,5,632,6515.28,3257.64
523,3,19,66,8,752,1,0,0,0,0,4,376,12517.6,6258.8
524,0,13,70,4,388,3,0,1794.18,7176.72,0,2,194,0,0
525,4,15,78,10,1840,2,0.11,0,0,0.27,5,920,18599.06,9299.53
526,3,24,90,11,1870,1,0,746.09,8206.99,0,5,935,7673.61,3836.8
527,0,15,59,6,720,5,0.24,491.62,2949.72,0.18,3,360,8505.94,4252.97
528,0,18,52,5,625,4,0.04,0,0,0.02,2,312,19113.65,9556.83
529,3,17,65,8,752,4,0,0,0,0,4,376,2848.68,1424.34
530,3,17,59,8,1024,5,0,0,0,0,4,512,998.32,0
531,0,24,81,11,1232,2,0,1281.56,14097.16,0,5,616,3580.42,1790.21
532,0,14,57,7,1323,1,0.13,1698.77,11891.39,0.13,3,661,3641.82,0
533,0,18,51,10,740,2,0,1362.82,13628.2,0,5,370,1180.87,590.43
534,4,24,45,10,1210,2,0,0,0,0,5,605,0,0
535,4,14,78,8,1328,1,0.06,969.63,7757.04,0.07,4,664,10220.47,5110.23
536,3,20,55,9,1323,1,0.02,1815.62,16340.58,0.25,4,661,0,0
537,4,21,46,2,180,3,0,0,0,0,1,90,7828.23,0
538,3,17,72,11,2167,2,0,0,0,0,5,1083,23008.18,11504.09
539,0,18,90,6,660,2,0,0,0,0,3,330,0,0
540,4,24,54,7,1330,4,0,0,0,0,3,665,14201.87,7100.94
541,0,17,80,5,840,1,0.22,1485.48,7427.4,0.16,2,420,3889.29,1944.64
542,0,25,71,6,456,0,0,0,0,0,3,228,17500.75,0
543,3,14,47,7,861,3,0,0,0,0,3,430,22418.47,0
544,0,21,49,3,519,3,0.19,901.5,2704.5,0.17,1,259,22865.38,0
545,3,23,75,3,243,0,0,0,0,0,1,121,942.48,0
546,3,17,89,8,1464,1,0.25,0,0,0.02,4,732,22495.91,0
547,3,18,59,5,355,5,0.24,0,0,0.01,2,177,7767.35,0
548,3,14,69,5,770,3,0.05,229.84,1149.2,0.04,2,385,28469.27,14234.64
549,3,18,87,2,374,2,0.01,1982.51,3965.02,0.3,1,187,0,0
550,3,25,73,9,1278,0,0,0,0,0,4,639,18377.17,0
551,4,25,59,9,1359,5,0,0,0,0,4,679,0,0
552,4,17,90,12,912,0,0.09,0,0,0.28,6,456,16938.35,0
553,0,20,83,6,840,2,0.21,0,0,0.27,3,420,23992.66,0
554,0,21,61,5,900,3,0,0,0,0,2,450,141.18,70.59
555,3,19,77,6,558,4,0.09,1481.08,8886.48,0.22,3,279,0,0
556,3,20,89,4,752,5,0,850.18,3400.72,0,2,376,1391.44,0
557,4,15,61,8,816,4,0.26,0,0,0.11,4,408,27563.71,0
558,4,23,70,6,1104,1,0,348.32,2089.92,0,3,552,28871.29,0
559,3,15,79,3,237,4,0,0,0,0,1,118,0,0
560,3,13,46,9,1179,1,0,1221.48,10993.32,0,4,589,17737.91,0
561,3,20,59,9,1314,5,0.22,270.2,2431.8,0.1,4,657,29693.83,14846.92
562,3,25,55,3,339,2,0.15,0,0,0.27,1,169,0,0
563,0,18,76,7,1113,1,0,0,0,0,3,556,12131.57,6065.78
564,0,20,80,4,480,3,0.25,1477.74,5910.96,0.05,2,240,0,0
565,0,13,45,10,820,2,0.2,674.74,6747.4,0.24,5,410,5571.35,0
566,0,23,78,8,1040,0,0.11,0,0,0.28,4,520,1532.53,766.26
567,4,21,49,10,1530,3,0.29,0,0,0.11,5,765,22292.28,11146.14
568,4,21,71,2,178,0,0.02,0,0,0.05,1,89,17465.71,0
569,0,21,78,4,332,3,0,917.98,3671.92,0,2,166,0,0
570,4,14,83,4,336,5,0.16,1490.75,5963,0.01,2,168,7739.35,0
571,3,16,77,2,206,3,0,0,0,0,1,103,3309.89,0
572,0,15,83,12,1620,0,0,0,0,0,6,810,22153.58,11076.79
573,4,24,50,11,1430,4,0,1379.74,15177.14,0,5,715,29525.12,14762.56
574,4,25,66,12,1044,3,0,446.59,5359.08,0,6,522,11013.26,5506.63
575,4,14,83,3,291,1,0,1223.4,3670.2,0,1,145,11588.19,0
576,0,17,77,5,390,4,0.12,1379.35,6896.75,0.25,2,195,21437.52,0
577,3,22,70,2,378,1,0.23,1959.39,3918.78,0.15,1,189,28648.79,14324.4
578,0,25,79,12,840,3,0.1,934.87,11218.44,0.1,6,420,24368.01,12184
579,4,22,69,12,960,0,0,496.23,5954.76,0,6,480,10869.46,5434.73
580,0,25,58,8,848,2,0.22,0,0,0.15,4,424,0,0
581,3,24,64,11,1595,2,0,0,0,0,5,797,4586.6,2293.3
582,4,20,71,8,1112,1,0,1473.92,11791.36,0,4,556,5779.56,0
583,4,20,71,2,168,5,0,0,0,0,1,84,0,0
584,4,25,79,4,324,5,0.13,0,0,0.09,2,162,0,0
585,3,20,90,2,288,0,0,1302.65,2605.3,0,1,144,0,0
586,3,24,84,6,798,2,0,0,0,0,3,399,20678.58,10339.29
587,3,17,83,10,1910,2,0,350.69,3506.9,0,5,955,25807.35,0
588,4,17,60,7,903,0,0.21,0,0,0.16,3,451,24546.24,12273.12
589,0,15,50,12,1872,3,0,0,0,0,6,936,730.78,365.39
590,3,19,69,6,642,5,0,0,0,0,3,321,29572.53,0
591,3,16,77,9,1638,0,0.22,0,0,0.19,4,819,0,0
592,3,13,60,4,540,3,0.19,0,0,0.29,2,270,11558.44,0
593,3,20,65,8,816,2,0.05,1463.55,11708.4,0.16,4,408,26170.48,13085.24
594,3,15,58,3,246,3,0.25,0,0,0.17,1,123,0,0
595,4,18,90,3,195,4,0.05,1172.72,3518.16,0.2,1,97,25257.79,0
596,0,18,84,5,605,4,0.28,1511.76,7558.8,0.21,2,302,2607.89,0
597,3,15,77,3,219,3,0,0,0,0,1,109,23184.19,0
598,3,21,80,3,558,1,0.23,1470.2,4410.6,0.23,1,279,0,0
599,3,16,60,12,2184,5,0,0,0,0,6,1092,27712.4,13856.2
600,0,25,86,2,180,2,0,0,0,0,1,90,20516.59,10258.3
601,3,25,87,9,1494,1,0,816.69,7350.21,0,4,747,11909.87,0
602,3,23,75,9,612,0,0.26,725.77,6531.93,0.27,4,306,17589.77,8794.89
603,0,22,90,12,1380,1,0.26,0,0,0.22,6,690,0,0
604,4,23,57,5,740,5,0,0,0,0,2,370,25509.98,12754.99
605,0,15,85,2,362,0,0.09,1388.42,2776.84,0.24,1,181,0,0
606,4,19,74,9,1224,2,0.05,0,0,0.05,4,612,13585.47,0
607,3,23,81,5,960,0,0.05,1901.68,9508.4,0.27,2,480,14907.86,7453.93
608,3,18,74,6,726,1,0,0,0,0,3,363,277.27,0
609,3,14,50,6,516,3,0,0,0,0,3,258,17874.14,8937.07
610,3,23,68,12,1572,2,0.1,0,0,0.25,6,786,18528.36,0
611,0,16,57,11,2068,4,0,0,0,0,5,1034,0,0
612,3,16,54,10,1770,2,0,0,0,0,5,885,22585.73,11292.86
613,0,15,69,9,1755,2,0,1243.1,11187.9,0,4,877,14840.64,0
614,4,14,80,10,1550,4,0,1384.82,13848.2,0,5,775,1150.39,575.2
615,4,18,71,12,1572,2,0,435.55,5226.6,0,6,786,0,0
616,4,19,57,9,918,1,0.29,203.58,1832.22,0.05,4,459,5894.24,0
617,0,13,68,11,1331,2,0.29,1841.23,20253.53,0.04,5,665,23270.82,11635.41
618,0,21,85,2,250,5,0.16,1590.08,3180.16,0.23,1,125,0,0
619,4,24,60,10,910,2,0,0,0,0,5,455,26653.65,0
620,4,21,46,6,792,2,0.16,770.52,4623.12,0.09,3,396,0,0
621,0,15,54,11,1122,0,0,0,0,0,5,561,15644.19,7822.1
622,4,23,60,12,1812,1,0.02,0,0,0.09,6,906,2017.25,0
623,4,21,56,5,685,4,0,367.49,1837.45,0,2,342,25035.07,0
624,4,13,59,3,291,0,0,0,0,0,1,145,0,0
625,0,16,65,4,556,0,0,0,0,0,2,278,26230.45,13115.23
626,0,20,81,2,332,0,0,0,0,0,1,166,15976.25,0
627,0,16,83,4,284,2,0,0,0,0,2,142,20029.6,0
628,4,20,80,12,1116,0,0.19,924.85,11098.2,0.17,6,558,3367.33,0
629,3,24,83,7,994,2,0.28,0,0,0.06,3,497,0,0
630,4,25,49,5,395,3,0,739.39,3696.95,0,2,197,7106.97,3553.49
631,3,21,87,12,1368,0,0.11,574.24,6890.88,0.03,6,684,15127.41,0
632,3,22,89,7,1274,0,0.11,0,0,0.07,3,637,11702.72,5851.36
633,3,21,85,2,262,2,0.26,0,0,0.11,1,131,26679.2,13339.6
634,4,19,56,8,664,5,0.16,0,0,0.29,4,332,1205.93,0
635,4,21,69,9,621,2,0,0,0,0,4,310,3394.82,0
636,4,13,74,12,1080,5,0.16,1948.9,23386.8,0.11,6,540,0,0
637,0,15,82,8,768,3,0,0,0,0,4,384,23053.28,0
638,4,24,79,5,410,4,0,466.89,2334.45,0,2,205,28139.12,0
639,3,16,48,2,226,3,0,759.31,1518.62,0,1,113,20656.03,10328.01
640,4,24,47,3,297,1,0.01,0,0,0.17,1,148,2399.82,1199.91
641,4,22,76,12,2268,4,0,1440.97,17291.64,0,6,1134,7763.58,0
642,3,22,68,3,273,1,0.15,1984.01,5952.03,0.16,1,136,13205.95,6602.98
643,4,21,56,5,655,1,0,0,0,0,2,327,7224.77,3612.39
644,4,20,50,8,1400,2,0,0,0,0,4,700,0,0
645,3,19,79,9,1386,5,0.06,0,0,0.11,4,693,0,0
646,0,13,86,5,420,3,0,0,0,0,2,210,7654.96,0
647,4,18,58,6,720,4,0,519.06,3114.36,0,3,360,17171.11,8585.56
648,3,19,45,3,180,1,0,1207.59,3622.77,0,1,90,14551.99,7275.99
649,0,25,82,4,300,1,0,303.03,1212.12,0,2,150,23995.9,11997.95
650,0,14,49,6,966,4,0,251.19,1507.14,0,3,483,6371.21,3185.61
651,3,17,67,10,1840,2,0,0,0,0,5,920,0,0
652,3,20,89,3,414,0,0.29,0,0,0.05,1,207,21027.83,10513.92
653,4,23,62,4,448,1,0,0,0,0,2,224,18762.89,0
654,3,21,86,3,438,1,0,287.33,861.99,0,1,219,19781.63,0
655,3,14,82,6,828,5,0.22,1224.56,7347.36,0.18,3,414,10419.75,0
656,3,17,68,11,1969,3,0,433.49,4768.39,0,5,984,0,0
657,4,23,79,12,1092,3,0.07,0,0,0.11,6,546,8647.4,0
658,3,25,76,2,188,1,0.05,200.97,401.94,0.16,1,94,18092.98,9046.49
659,0,24,82,2,352,4,0,0,0,0,1,176,0,0
660,4,14,50,8,832,1,0,1174.97,9399.76,0,4,416,1851.27,0
661,4,18,71,4,700,3,0,0,0,0,2,350,14474.99,0
662,4,17,90,8,920,5,0.06,1907.49,15259.92,0.28,4,460,0,0
663,0,16,62,6,618,3,0.29,0,0,0.28,3,309,28719.55,14359.77
664,4,21,74,3,363,4,0.23,526.35,1579.05,0.12,1,181,15523.19,0
665,3,15,85,8,1536,0,0,335.23,2681.84,0,4,768,16066.7,8033.35
666,4,22,60,4,644,3,0,1813.62,7254.48,0,2,322,12571.93,0
667,0,20,48,5,590,1,0,0,0,0,2,295,0,0
668,3,23,46,6,990,3,0,1237.08,7422.48,0,3,495,19271.12,9635.56
669,0,16,87,10,1900,1,0,0,0,0,5,950,25009.74,0
670,3,14,74,6,660,0,0.22,0,0,0.09,3,330,27410.67,0
671,4,24,60,5,780,2,0,438.47,2192.35,0,2,390,16971.14,8485.57
672,3,13,85,10,1210,5,0,0,0,0,5,605,25703.56,0
673,0,15,74,12,1452,5,0,0,0,0,6,726,14286.06,7143.03
674,4,21,83,4,520,0,0.07,113.22,452.88,0.12,2,260,0,0
675,0,21,69,2,296,1,0,577.37,1154.74,0,1,148,16794.27,8397.14
676,4,17,59,8,624,2,0.12,0,0,0.08,4,312,8442.81,0
677,4,21,47,8,1512,5,0.23,1086.53,8692.24,0.28,4,756,0,0
678,3,16,63,8,592,5,0,0,0,0,4,296,9953.09,4976.55
679,3,13,48,8,896,3,0,1520.27,12162.16,0,4,448,0,0
680,4,24,81,2,346,3,0.19,0,0,0.21,1,173,0,0
681,3,21,47,5,490,2,0.16,0,0,0.16,2,245,16161.05,8080.52
682,4,15,51,5,590,1,0.14,0,0,0.06,2,295,21169.47,0
683,3,13,74,7,1253,2,0.18,1672.57,11707.99,0.09,3,626,0,0
684,0,21,52,3,588,5,0.16,1990.55,5971.65,0.06,1,294,17327.34,8663.67
685,4,17,51,2,326,5,0,427.32,854.64,0,1,163,16300.66,8150.33
686,4,18,46,11,1848,5,0.15,0,0,0.11,5,924,0,0
687,0,17,80,10,740,0,0,0,0,0,5,370,0,0
688,3,19,87,4,536,4,0.02,1794.61,7178.44,0.14,2,268,6991.72,0
689,4,17,56,9,1350,0,0,0,0,0,4,675,17159.76,8579.88
690,4,22,58,4,676,3,0,0,0,0,2,338,0,0
691,3,18,50,2,388,2,0,1468.27,2936.54,0,1,194,16687.3,8343.65
692,0,18,53,10,1920,0,0.08,1126.02,11260.2,0.22,5,960,26367,13183.5
693,0,23,70,7,602,3,0,0,0,0,3,301,10813.02,0
694,0,15,54,5,730,0,0,0,0,0,2,365,18206.58,9103.29
695,4,22,68,11,660,3,0.18,772.63,8498.93,0.08,5,330,7003.19,0
696,3,23,73,6,1044,4,0,1099.5,6597,0,3,522,2293.89,0
697,3,25,60,2,200,0,0.23,623.66,1247.32,0.17,1,100,16667.42,0
698,4,25,66,8,1000,2,0,684.57,5476.56,0,4,500,23350.67,11675.33
699,0,19,63,8,504,3,0.07,1778.42,14227.36,0.22,4,252,0,0
700,0,16,67,8,624,1,0,0,0,0,4,312,0,0
701,3,16,71,4,364,4,0.15,723.51,2894.04,0.24,2,182,17349.13,0
702,0,25,48,2,208,4,0.18,0,0,0.26,1,104,0,0
703,4,19,77,12,720,3,0.23,0,0,0.03,6,360,7900.63,3950.32
704,0,16,73,6,954,0,0,1254.37,7526.22,0,3,477,0,0
705,4,13,84,6,450,3,0,0,0,0,3,225,6950.93,0
706,4,25,85,10,750,3,0.03,373.42,3734.2,0.09,5,375,0,0
707,4,22,66,5,760,2,0,801.95,4009.75,0,2,380,12205.39,6102.69
708,0,21,61,4,612,5,0,668.54,2674.16,0,2,306,0,0
709,0,20,87,5,455,0,0,1573.19,7865.95,0,2,227,21726.1,0
710,0,21,66,2,220,4,0,667.38,1334.76,0,1,110,21725.23,10862.61
711,4,19,73,6,762,2,0,0,0,0,3,381,3873.78,0
712,0,24,67,3,573,5,0.11,1635.96,4907.88,0.15,1,286,21682.67,0
713,0,22,90,2,384,2,0,1151.83,2303.66,0,1,192,28554.62,0
714,0,21,63,5,745,0,0,0,0,0,2,372,27459.26,13729.63
715,0,15,84,2,396,2,0.04,1467.04,2934.08,0.06,1,198,0,0
716,3,21,83,7,826,3,0.12,1284.63,8992.41,0.06,3,413,6773.04,0
717,0,20,90,7,1057,1,0,0,0,0,3,528,29798.56,14899.28
718,3,25,54,11,1023,2,0.25,0,0,0.12,5,511,11477.6,5738.8
719,0,19,51,9,1170,3,0,434.13,3907.17,0,4,585,12561.06,0
720,4,20,69,5,730,3,0,870.34,4351.7,0,2,365,15442.63,0
721,4,15,63,8,752,1,0,1181.24,9449.92,0,4,376,26371.43,13185.72
722,4,22,87,10,790,4,0,0,0,0,5,395,18375.16,0
723,0,19,57,11,1441,5,0,0,0,0,5,720,11992.02,0
724,4,19,76,11,1177,4,0.26,0,0,0.15,5,588,26937.72,13468.86
725,4,24,66,8,1136,4,0,611.99,4895.92,0,4,568,0,0
726,4,17,73,3,492,4,0,245.82,737.46,0,1,246,29293.31,0
727,3,15,78,10,670,0,0.05,0,0,0.25,5,335,7403.93,3701.97
728,4,19,85,11,1969,3,0,69.35,762.85,0,5,984,19216.16,0
729,0,17,75,3,222,1,0,0,0,0,1,111,6966.61,3483.3
730,3,16,86,12,1464,2,0,790.23,9482.76,0,6,732,0,0
731,4,20,86,10,1080,0,0,1149.5,11495,0,5,540,0,0
732,4,21,67,9,1593,2,0.14,0,0,0.17,4,796,27003.19,0
733,4,16,63,11,913,0,0,0,0,0,5,456,19382.2,0
734,3,20,67,6,372,3,0.1,141.99,851.94,0,3,186,6769.1,0
735,0,25,77,12,840,2,0,0,0,0,6,420,0,0
736,0,15,84,9,1053,5,0.06,0,0,0.28,4,526,14692.78,7346.39
737,3,19,54,4,424,4,0,0,0,0,2,212,0,0
738,3,16,81,5,385,3,0,783.98,3919.9,0,2,192,0,0
739,4,21,74,12,2100,5,0.12,1242.98,14915.76,0.1,6,1050,20022.06,10011.03
740,4,14,56,10,1240,5,0,0,0,0,5,620,25494.32,0
741,3,13,53,4,440,3,0,0,0,0,2,220,0,0
742,4,15,60,12,1044,1,0,401.91,4822.92,0,6,522,0,0
743,3,15,66,4,288,5,0,0,0,0,2,144,21008.37,0
744,0,23,77,12,2232,4,0,147.63,1771.56,0,6,1116,0,0
745,0,15,78,10,1570,1,0.1,1569.28,15692.8,0.22,5,785,0,0
746,3,24,78,12,996,2,0,1973.4,23680.8,0,6,498,0,0
747,3,23,51,8,864,2,0.27,0,0,0.23,4,432,21666.3,10833.15
748,3,22,56,10,1510,4,0,1516.74,15167.4,0,5,755,0,0
749,4,14,76,9,1305,1,0,796.05,7164.45,0,4,652,1841.68,920.84
750,4,16,66,6,876,2,0,0,0,0,3,438,17772.17,8886.08
751,3,14,88,4,316,0,0,0,0,0,2,158,0,0
752,0,22,85,2,168,3,0.25,850.56,1701.12,0.11,1,84,1458.4,0
753,0,18,63,3,438,3,0.15,0,0,0.15,1,219,17142.84,8571.42
754,3,15,60,11,704,1,0.04,470.73,5178.03,0.04,5,352,7572.19,3786.09
755,4,21,74,11,2035,3,0,0,0,0,5,1017,10744.13,5372.06
756,4,24,87,9,1683,0,0,0,0,0,4,841,368.64,0
757,4,18,73,4,368,4,0.03,1357.84,5431.36,0.27,2,184,13516.31,6758.15
758,3,24,53,4,732,5,0,115.59,462.36,0,2,366,7857.17,0
759,3,14,90,12,948,1,0.26,165.62,1987.44,0.16,6,474,0,0
760,3,17,89,9,1665,1,0,0,0,0,4,832,3897.6,1948.8
761,4,17,65,5,640,3,0,0,0,0,2,320,0,0
762,4,18,77,5,925,5,0.15,0,0,0.14,2,462,18675.31,9337.66
763,4,20,72,4,524,3,0,0,0,0,2,262,29175.16,0
764,0,25,55,3,348,0,0.15,1092.7,3278.1,0.11,1,174,4195.93,0
765,0,20,71,7,1386,1,0.23,0,0,0.03,3,693,26127.94,0
766,0,16,62,9,1773,0,0.27,671.46,6043.14,0.03,4,886,0,0
767,4,23,80,9,1089,1,0.21,0,0,0.16,4,544,0,0
768,0,17,77,7,546,0,0,1744.94,12214.58,0,3,273,19925.71,9962.85
769,3,19,88,4,628,0,0,0,0,0,2,314,4350.99,0
770,4,24,63,4,692,2,0.19,1018.82,4075.28,0.11,2,346,28824.23,14412.11
771,4,25,90,9,1800,2,0.12,0,0,0.22,4,900,18156.23,9078.11
772,0,14,48,8,792,5,0.12,1922.16,15377.28,0.25,4,396,17547.95,8773.98
773,4,16,87,2,298,3,0,0,0,0,1,149,20680.37,0
774,3,15,63,6,870,4,0.26,0,0,0.02,3,435,0,0
775,3,21,48,3,363,4,0,0,0,0,1,181,0,0
776,0,22,67,11,1716,3,0,1027.73,11305.03,0,5,858,0,0
777,3,19,46,3,243,5,0,836.99,2510.97,0,1,121,19229.41,9614.7
778,4,21,60,6,696,1,0,1319.45,7916.7,0,3,348,0,0
779,4,25,52,9,1161,1,0.23,1399.91,12599.19,0.2,4,580,29870.47,0
780,0,25,79,6,1152,2,0,1058.93,6353.58,0,3,576,13988.9,6994.45
781,0,24,47,5,875,1,0.03,0,0,0.15,2,437,8933.32,0
782,3,17,68,3,390,5,0,0,0,0,1,195,0,0
783,3,13,81,8,1392,3,0.08,1509.94,12079.52,0.25,4,696,5182.73,2591.36
784,0,21,76,3,210,3,0.12,1146.46,3439.38,0.22,1,105,13102.41,6551.2
785,0,16,79,4,652,4,0.28,0,0,0.06,2,326,24571.95,0
786,3,24,74,11,1001,3,0,0,0,0,5,500,13541.21,6770.6
787,4,17,83,11,781,1,0.11,0,0,0.29,5,390,22014.61,11007.31
788,4,15,89,12,984,2,0.08,0,0,0.01,6,492,19285.09,0
789,4,21,56,10,860,0,0,0,0,0,5,430,3251.14,0
790,4,15,58,9,1701,4,0.15,0,0,0.11,4,850,0,0
791,3,15,86,11,968,1,0.09,279.45,3073.95,0.29,5,484,0,0
792,4,25,53,3,195,5,0,0,0,0,1,97,29253.06,14626.53
793,0,18,83,8,1080,2,0,0,0,0,4,540,13634.58,0
794,0,16,78,8,640,4,0,760.96,6087.68,0,4,320,22287.03,11143.51
795,3,20,83,6,990,3,0.04,0,0,0.02,3,495,4723.69,2361.84
796,4,25,89,3,186,5,0.08,0,0,0.24,1,93,0,0
797,0,16,83,5,665,2,0.29,0,0,0.25,2,332,0,0
798,3,13,81,10,1310,2,0.02,0,0,0.1,5,655,9251,4625.5
799,0,21,80,12,876,1,0.08,90.45,1085.4,0.27,6,438,0,0
800,4,25,74,5,330,0,0,1704.49,8522.45,0,2,165,25167.14,0
1,4,10,17,9,936,1,0.13,0,0,0.04,4,468,0,0
2,0,6,39,8,640,5,0.11,0,0,0.16,4,320,7809.06,3904.53
3,0,6,12,2,206,2,0.08,0,0,0.04,1,103,1781.83,0
4,0,10,7,10,1250,4,0.04,1280.58,12805.8,0.06,5,625,6559.64,0
5,0,6,25,2,146,2,0,476.58,953.16,0,1,73,0,0
6,0,2,37,8,856,1,0,302.42,2419.36,0,4,428,0,0
7,0,5,8,7,560,3,0,0,0,0,3,280,9001.66,0
8,3,4,34,6,792,5,0,0,0,0,3,396,0,0
9,3,10,38,5,760,5,0,1468.25,7341.25,0,2,380,9103.84,0
10,4,4,42,8,1024,0,0,0,0,0,4,512,8728.81,0
11,0,11,25,4,516,4,0.19,1287.27,5149.08,0.18,2,258,5434.08,0
12,0,2,39,10,750,0,0.03,761.2,7612,0.1,5,375,0,0
13,0,4,23,10,1080,5,0.1,0,0,0.18,5,540,0,0
14,3,10,9,9,1611,5,0,846.84,7621.56,0,4,805,474.75,0
15,4,4,42,2,274,4,0,0,0,0,1,137,3488.3,1744.15
16,3,4,5,4,524,4,0.05,0,0,0.1,2,262,4990.46,0
17,0,7,24,7,420,0,0.1,0,0,0.16,3,210,2937.81,0
18,3,8,11,8,1056,0,0,0,0,0,4,528,717.74,358.87
19,4,9,44,5,540,3,0.14,314.16,1570.8,0.19,2,270,0,0
20,0,4,43,2,250,4,0.19,0,0,0.03,1,125,5360.96,2680.48
21,3,11,22,6,816,4,0.09,703.23,4219.38,0.19,3,408,2681.4,0
22,0,11,12,2,250,0,0,118.02,236.04,0,1,125,6286.1,3143.05
23,0,2,31,3,354,4,0.04,250.46,751.38,0.05,1,177,5344.72,2672.36
24,0,5,15,10,1570,0,0.12,0,0,0.06,5,785,0,0
25,0,6,11,3,258,3,0.04,766.64,2299.92,0.13,1,129,0,0
26,3,1,7,5,605,5,0.1,78.4,392,0.1,2,302,1530.11,765.05
27,4,6,40,4,336,0,0,0,0,0,2,168,0,0
28,4,2,17,3,216,0,0,0,0,0,1,108,0,0
29,4,9,22,5,855,2,0.03,0,0,0.09,2,427,146.27,0
30,4,6,39,3,516,5,0,1000.58,3001.74,0,1,258,14.6,7.3
31,0,0,30,5,740,4,0,1200.53,6002.65,0,2,370,4957.87,2478.93
32,3,4,38,10,740,3,0.17,0,0,0.17,5,370,0,0
33,3,1,32,2,120,2,0.12,0,0,0.14,1,60,0,0
34,3,4,35,9,1494,1,0,14.69,132.21,0,4,747,0,0
35,3,4,31,5,665,2,0,0,0,0,2,332,119.13,0
36,3,2,18,3,315,4,0.12,835.56,2506.68,0.07,1,157,3527.1,1763.55
37,3,3,10,7,889,5,0.12,1270.15,8891.05,0.13,3,444,3695.74,1847.87
38,3,5,29,6,450,1,0.12,152.83,916.98,0.07,3,225,8163.72,0
39,0,4,42,3,249,5,0.09,502.54,1507.62,0.2,1,124,0,0
40,0,7,20,10,1240,5,0,1114.6,11146,0,5,620,0,0
41,3,3,8,7,1099,0,0.12,49.44,346.08,0.02,3,549,4571.63,2285.82
42,3,10,31,5,760,3,0.12,0,0,0.01,2,380,1162.42,581.21
43,3,5,35,6,642,0,0.1,873.51,5241.06,0.09,3,321,0,0
44,4,4,8,5,750,2,0,651.6,3258,0,2,375,3346,0
45,3,9,43,2,332,0,0,1070.09,2140.18,0,1,166,4504.01,2252.01
46,0,5,33,4,672,2,0.01,1152.74,4610.96,0.08,2,336,1326.88,663.44
47,4,6,8,6,810,3,0.15,0,0,0.07,3,405,6707.06,0
48,3,3,17,10,760,5,0,586.2,5862,0,5,380,0,0
49,3,6,35,8,1128,3,0,714.57,5716.56,0,4,564,4594.98,2297.49
50,0,8,30,8,744,5,0.07,0,0,0.13,4,372,0,0
51,4,4,4,2,280,5,0.01,439.08,878.16,0.2,1,140,5426.03,2713.01
52,0,2,16,2,228,0,0,0,0,0,1,114,5962.9,0
53,4,8,23,5,865,4,0.07,926.82,4634.1,0.09,2,432,8902.25,0
54,4,1,7,10,1630,0,0.12,556.38,5563.8,0.09,5,815,6219.79,3109.89
55,4,3,3,6,678,1,0.14,0,0,0.14,3,339,0,0
56,3,8,33,4,364,5,0.15,0,0,0.11,2,182,9437.24,0
57,4,0,41,3,234,5,0,0,0,0,1,117,7658.06,3829.03
58,4,1,5,2,186,3,0.09,0,0,0.18,1,93,9867.7,0
59,4,0,23,3,312,5,0,0,0,0,1,156,6326.75,0
60,3,10,39,5,630,2,0.18,1219.33,6096.65,0.12,2,315,0,0
61,4,4,17,6,882,2,0,0,0,0,3,441,3674.02,1837.01
62,0,9,19,5,800,0,0.1,0,0,0.17,2,400,0,0
63,4,12,30,4,632,4,0.03,0,0,0.11,2,316,2751.18,1375.59
64,4,3,40,5,310,4,0,0,0,0,2,155,0,0
65,3,3,28,6,522,2,0,34.66,207.96,0,3,261,5526.99,0
66,4,6,32,9,873,4,0,0,0,0,4,436,9599.5,4799.75
67,4,0,44,9,585,2,0.16,0,0,0.04,4,292,0,0
68,3,2,8,10,1480,1,0,61.8,618,0,5,740,1915.35,957.67
69,0,0,2,5,800,0,0.15,195.71,978.55,0.02,2,400,7971.43,3985.72
70,3,1,36,5,560,1,0,75.2,376,0,2,280,5437.76,0
71,0,8,25,8,976,1,0,1133.99,9071.92,0,4,488,3382.16,1691.08
72,3,5,13,3,255,3,0,0,0,0,1,127,6464.12,0
73,0,2,31,10,1250,5,0.18,590.2,5902,0.13,5,625,1820.62,0
74,3,1,7,7,1141,2,0.05,1398.03,9786.21,0.16,3,570,2159.21,1079.61
75,4,7,2,8,976,5,0,1376.63,11013.04,0,4,488,7615.16,0
76,4,12,15,3,429,5,0.03,697.63,2092.89,0.13,1,214,8731.68,4365.84
77,3,10,23,6,444,2,0.04,1292.07,7752.42,0.19,3,222,7861.89,3930.95
78,0,11,32,9,1521,4,0,0,0,0,4,760,3477.46,0
79,3,9,30,8,1368,0,0,627.06,5016.48,0,4,684,9175.62,0
80,0,6,31,9,1593,1,0,0,0,0,4,796,2709.97,1354.98
81,3,9,32,5,730,2,0,927.4,4637,0,2,365,494.18,247.09
82,3,9,14,6,744,5,0,0,0,0,3,372,0,0
83,0,9,10,10,960,2,0,1296.6,12966,0,5,480,0,0
84,4,3,25,9,837,3,0.16,293.35,2640.15,0.04,4,418,8969.88,0
85,0,10,5,7,980,1,0.02,0,0,0.16,3,490,0,0
86,0,8,3,10,840,3,0.14,1078.15,10781.5,0.02,5,420,638.97,319.49
87,3,1,5,4,276,5,0.14,0,0,0.11,2,138,16.47,0
88,4,5,39,8,880,4,0,0,0,0,4,440,6529.79,0
89,0,4,28,4,272,4,0.06,0,0,0,2,136,0,0
90,0,2,6,3,192,4,0,138.82,416.46,0,1,96,0,0
91,4,6,21,3,411,3,0,0,0,0,1,205,0,0
92,3,10,22,4,492,1,0,293.56,1174.24,0,2,246,41.77,20.89
93,4,0,33,8,840,4,0,1460.31,11682.48,0,4,420,6960.55,0
94,4,4,10,7,581,3,0,81.39,569.73,0,3,290,0,0
95,0,0,12,3,507,3,0.11,1007.12,3021.36,0.03,1,253,0,0
96,3,4,21,3,477,0,0,606.81,1820.43,0,1,238,1794.65,0
97,4,9,44,10,630,4,0.13,0,0,0.17,5,315,6361.32,3180.66
98,0,4,20,9,792,0,0.17,784.49,7060.41,0.06,4,396,5597.81,0
99,3,5,32,5,395,1,0.16,0,0,0.09,2,197,6998.38,3499.19
100,4,6,35,7,847,3,0.09,0,0,0.09,3,423,232.46,116.23
101,0,6,17,2,166,4,0.19,0,0,0.16,1,83,1125.19,0
102,0,8,26,5,420,2,0.2,0,0,0.09,2,210,1920.5,0
103,3,0,6,9,1035,1,0,0,0,0,4,517,1393.96,696.98
104,4,5,22,4,528,1,0,1325.22,5300.88,0,2,264,4655.11,0
105,3,11,9,9,1593,1,0.07,0,0,0.14,4,796,1770.03,885.01
106,3,12,26,5,790,3,0.07,1497.21,7486.05,0.14,2,395,4054.21,2027.11
107,3,5,6,9,585,4,0,892.51,8032.59,0,4,292,7348.35,0
108,0,4,30,8,624,2,0,938.26,7506.08,0,4,312,4840.28,0
109,3,1,23,8,576,5,0.11,0,0,0.11,4,288,870.64,0
110,0,5,33,10,970,5,0.03,1493.27,14932.7,0.09,5,485,3766.47,1883.23
111,0,1,30,4,392,2,0.2,0,0,0.02,2,196,652.13,0
112,4,8,35,7,644,4,0.09,0,0,0.02,3,322,9704.87,4852.44
113,4,12,14,4,484,1,0,668.22,2672.88,0,2,242,1421.18,0
114,0,6,43,8,1192,5,0.12,0,0,0.06,4,596,5092.47,0
115,3,10,34,8,688,1,0.15,1448.55,11588.4,0.08,4,344,8031.14,4015.57
116,0,7,17,6,720,0,0,1101.95,6611.7,0,3,360,0,0
117,3,0,33,7,826,3,0.18,0,0,0.05,3,413,3167.08,1583.54
118,0,8,10,10,1190,3,0,1424.58,14245.8,0,5,595,8818.19,4409.1
119,0,3,25,6,360,5,0,0,0,0,3,180,1540.42,0
120,4,2,27,8,1216,5,0.02,45.76,366.08,0.04,4,608,1020.97,510.49
121,3,12,17,9,1233,4,0.02,0,0,0.08,4,616,0,0
122,3,11,22,8,640,1,0.06,0,0,0.07,4,320,0,0
123,4,4,4,7,945,4,0,746.89,5228.23,0,3,472,7748.32,0
124,0,11,20,8,1424,2,0,1009.36,8074.88,0,4,712,0,0
125,3,7,35,6,534,5,0.16,1291.14,7746.84,0.15,3,267,1349.22,0
126,4,6,42,4,700,1,0,0,0,0,2,350,7937.24,0
127,0,10,3,4,340,0,0.02,316.46,1265.84,0.07,2,170,7249.31,3624.66
128,3,0,17,3,534,0,0,0,0,0,1,267,4158.85,0
129,3,3,35,5,835,3,0,901.18,4505.9,0,2,417,6309.3,0
130,3,0,7,9,1026,3,0,0,0,0,4,513,2450.26,0
131,0,1,4,7,763,4,0,0,0,0,3,381,5029.97,0
132,0,11,2,7,1134,1,0.05,1305.13,9135.91,0.09,3,567,761.82,380.91
133,4,11,3,4,568,3,0.19,301.92,1207.68,0.01,2,284,2438.72,0
134,3,3,17,5,835,2,0,0,0,0,2,417,0,0
135,3,10,15,7,945,5,0,454.68,3182.76,0,3,472,6922.7,0
136,3,11,23,7,1113,2,0.17,0,0,0.01,3,556,2752.85,1376.42
137,3,9,5,6,630,0,0,430.14,2580.84,0,3,315,2695.57,1347.79
138,0,1,15,8,568,4,0.09,0,0,0.19,4,284,5843.17,0
139,0,6,21,2,134,2,0,0,0,0,1,67,0,0
140,3,12,8,9,567,3,0.1,0,0,0.16,4,283,914.35,457.18
141,3,6,14,5,615,4,0,0,0,0,2,307,0,0
142,4,5,21,10,1710,5,0,0,0,0,5,855,0,0
143,4,11,15,8,1328,1,0,0,0,0,4,664,2011.55,0
144,4,9,31,10,1130,5,0,497.91,4979.1,0,5,565,5640.87,0
145,3,12,21,7,889,4,0,1300.42,9102.94,0,3,444,76.07,0
146,4,8,41,5,310,1,0,129.71,648.55,0,2,155,2011.95,0
147,4,1,20,4,464,2,0.03,1100.9,4403.6,0.07,2,232,1511.79,0
148,3,2,20,7,833,0,0,1177.85,8244.95,0,3,416,0,0
149,0,5,19,9,882,4,0.08,132.33,1190.97,0.03,4,441,0,0
150,4,12,35,2,188,5,0.09,0,0,0.18,1,94,719.6,0
151,3,11,32,6,828,5,0,0,0,0,3,414,5098,2549
152,3,12,13,3,306,4,0,501.25,1503.75,0,1,153,0,0
153,3,3,33,5,480,3,0.1,1174.87,5874.35,0.03,2,240,0,0
154,0,9,28,10,870,0,0,1175.24,11752.4,0,5,435,329.83,164.91
155,4,7,31,3,372,3,0,0,0,0,1,186,0,0
156,0,11,37,6,570,1,0.19,820.6,4923.6,0.12,3,285,8119.62,0
157,3,1,25,4,588,4,0.09,0,0,0.16,2,294,2323.81,0
158,0,8,41,9,963,1,0,0,0,0,4,481,6727.83,0
159,3,10,24,6,912,5,0.06,1357.65,8145.9,0.03,3,456,4948.29,2474.14
160,3,10,5,10,1300,0,0,0,0,0,5,650,6592.69,3296.34
161,3,4,41,10,1800,2,0,1072.31,10723.1,0,5,900,3276.38,1638.19
162,0,4,41,3,501,4,0.01,545.57,1636.71,0.15,1,250,7566.09,0
163,3,1,26,3,501,5,0,0,0,0,1,250,9011.23,4505.61
164,4,4,33,9,1116,3,0,0,0,0,4,558,7363.84,0
165,0,6,6,8,1088,0,0,0,0,0,4,544,8839.29,0
166,4,1,41,6,828,1,0,0,0,0,3,414,0,0
167,3,6,0,4,424,1,0.03,14.08,56.32,0.1,2,212,0,0
168,0,1,18,2,196,4,0.2,0,0,0.1,1,98,5525.38,0
169,0,12,32,2,192,4,0.11,0,0,0.04,1,96,0,0
170,3,4,23,8,928,2,0,0,0,0,4,464,9779.63,0
171,3,0,5,2,252,2,0,0,0,0,1,126,2215.92,0
172,4,4,41,8,488,2,0.08,0,0,0.2,4,244,0,0
173,3,0,22,5,525,3,0.15,384.64,1923.2,0.12,2,262,948.53,474.26
174,0,4,18,7,833,5,0,852.46,5967.22,0,3,416,9485.59,4742.8
175,0,11,33,4,516,5,0,0,0,0,2,258,3310.06,1655.03
176,0,5,19,8,840,1,0,0,0,0,4,420,0,0
177,0,10,17,8,1216,1,0,43.17,345.36,0,4,608,0,0
178,4,5,39,5,510,4,0.07,1437.8,7189,0.09,2,255,9641.9,0
179,0,3,13,2,296,0,0.11,656.34,1312.68,0.11,1,148,2569.58,0
180,4,7,7,7,1085,4,0.14,930.9,6516.3,0.19,3,542,9316.87,4658.44
181,4,1,13,7,728,4,0.01,0,0,0.11,3,364,2387.95,1193.97
182,4,10,9,4,324,1,0,0,0,0,2,162,7331.73,0
183,4,4,41,3,246,3,0.17,33.42,100.26,0.07,1,123,0,0
184,0,5,25,4,252,0,0,396.61,1586.44,0,2,126,9298.41,0
185,3,7,22,5,830,3,0.05,0,0,0.14,2,415,0,0
186,3,6,39,5,650,4,0,1049.88,5249.4,0,2,325,0,0
187,3,2,31,2,356,1,0.13,901.36,1802.72,0.12,1,178,5207.35,2603.68
188,4,8,32,9,1089,5,0,0,0,0,4,544,9073.04,0
189,3,2,11,7,896,2,0,1307.97,9155.79,0,3,448,4875.22,2437.61
190,0,3,43,2,282,1,0.07,0,0,0.14,1,141,0,0
191,3,11,13,10,1510,2,0.1,1444.71,14447.1,0.11,5,755,7061.04,0
192,4,4,26,10,1700,3,0,901.37,9013.7,0,5,850,6224.25,3112.12
193,3,2,41,2,200,2,0,574.83,1149.66,0,1,100,3870.76,0
194,0,1,18,8,1272,5,0.18,1408.63,11269.04,0.03,4,636,0,0
195,0,7,4,10,1510,5,0.19,0,0,0.04,5,755,3567.35,1783.67
196,0,7,16,7,966,5,0.15,579.77,4058.39,0.12,3,483,2165.89,1082.94
197,0,4,15,9,1224,3,0.14,1120.96,10088.64,0.08,4,612,7198.72,0
198,4,1,36,3,237,5,0.15,0,0,0.04,1,118,0,0
199,4,9,28,10,1030,5,0.03,1038.07,10380.7,0.14,5,515,0,0
200,0,7,5,7,441,5,0.02,802.01,5614.07,0.07,3,220,0,0
